{
  "timestamp": "2025-08-23T14:34:38.032253",
  "balance_inicial": 16621.00388274,
  "balance_actual": 16621.00388274,
  "pnl_total": 0,
  "posiciones_abiertas": 1
}